{
  "features": [
    "rg_ratio",
    "mean_g",
    "glcm_entropy",
    "coverage_pct"
  ],
  "threshold": 0.677065026110188,
  "base_linear": {
    "coef": [
      3.7170284084305214,
      -3.0882621495830636,
      4.859367830405487,
      -0.23457493626698034
    ],
    "intercept": 12.231892647268792
  },
  "platt_calibration": {
    "coef": 1.3689574599217067,
    "intercept": -0.07604075977515498
  }
}